[
    {
        "map": "EU2\nBerlin",
        "time": "15 hours ago",
        "tank": "Grille 15",
        "damage": "Unknown",
        "result": "Unknown",
        "player": "TheTankReaper"
    },
    {
        "map": "EU2\nSteppes",
        "time": "17 hours ago",
        "tank": "Grille 15",
        "damage": "Unknown",
        "result": "Unknown",
        "player": "TheTankReaper"
    },
    {
        "map": "EU2\nSteppes",
        "time": "17 hours ago",
        "tank": "Grille 15",
        "damage": "Unknown",
        "result": "Unknown",
        "player": "TheTankReaper"
    },
    {
        "map": "EU2\nLakeville",
        "time": "17 hours ago",
        "tank": "Grille 15",
        "damage": "Unknown",
        "result": "Unknown",
        "player": "TheTankReaper"
    },
    {
        "map": "EU2\nLive Oaks",
        "time": "17 hours ago",
        "tank": "Grille 15",
        "damage": "Unknown",
        "result": "Unknown",
        "player": "TheTankReaper"
    },
    {
        "map": "EU2\nMines",
        "time": "17 hours ago",
        "tank": "Grille 15",
        "damage": "Unknown",
        "result": "Unknown",
        "player": "TheTankReaper"
    },
    {
        "map": "EU2\nMannerheim Line",
        "time": "18 hours ago",
        "tank": "FV4005",
        "damage": "Unknown",
        "result": "Unknown",
        "player": "TheTankReaper"
    }
]